M01AB,M01AE,N02BA,N02BE,N05B,N05C,R03,R06
4.956640238938051,3.5496813893114196,2.8455815185316498,18.653852215848406,7.949512037350795,0.7128101447714293,2.567889397988779,3.739914197805231
5.190143363752951,3.874147004749279,2.8545028646200485,21.24022532406017,8.933232032768453,0.5690054990596329,2.464805628732189,3.8613478395250715
4.710530345761598,3.898272371747769,3.1299013112830947,20.80862259538462,8.592691685259211,0.525097042994691,1.7690205440561237,3.742415365504627
5.063028239535024,4.035838023353524,3.0782639180816145,20.514938861039845,9.431834220340901,0.5456224902402131,2.3424880671424044,3.472843395961066
4.859915056944278,3.568533645080732,2.8752233109437904,18.85373451834102,8.531634530393088,0.5824538601019493,2.353521268537068,3.72152464613168
4.648141471723896,3.73812078711791,2.828996750522204,17.77873621741565,8.68191471095341,0.5785603126806191,2.729758032126676,3.459588660492951
4.43979696581889,3.590176430697843,3.110618356024437,17.75962997079878,8.813247785147018,0.48589174595829543,2.3934958557383643,3.754971826319478
5.281626594787232,4.054734687940758,3.208603832891618,21.933693179007385,8.583853345348032,0.4604777261820273,3.043957142046809,3.6778596541829276
5.06020455209354,3.7950092339511388,3.0770509137100848,19.712144530297024,8.84195396098346,0.6752051785197868,1.949654040667991,3.7952944798256896
4.806651910380712,3.9406085247684715,2.8646159447065194,20.151878387007216,8.846431011854763,0.5058535905283044,1.8678246395488196,4.014625402154119
4.7938790454700255,4.001198307215094,2.9649262808947006,18.49430613512381,9.040328850891804,0.7414403767716695,2.5870188714288176,3.706325743507808
5.030482150632595,3.9265269727047665,2.6655878960144657,19.96652967908922,8.60886365975314,0.5568521907124452,1.4000024173294747,3.7568991060973786
4.8125637881899594,3.4751246781598706,2.7367576496412354,18.5602705438506,8.268473524169483,0.7241302629369629,2.5990645947825888,3.779599309422787
5.212673467516761,3.7786181593110952,2.824794714300448,20.869926248499276,8.992484528356071,0.5624934800789125,2.4589599125037185,3.896160976361363
4.718155575297382,3.8593081033258096,3.1084216852051045,20.705192902776126,8.584615846785546,0.518734248467189,1.7848536353393898,3.7147413450576154
5.068025886016864,4.032631016049631,3.0570215961134277,20.08106229456651,9.44323106610733,0.5637834838242393,2.3681877307729717,3.561321341019177
4.859723079116031,3.484226250565351,2.865323086108219,18.593014113977592,8.418934138696388,0.5920792516632808,2.2757558602249954,3.6989852309275983
4.636978385290256,3.822068697040499,2.8086384190886102,17.7640102345714,8.626904236950708,0.5717531306048674,2.658492258578522,3.452417842373146
4.453632739084545,3.5616142064619916,3.110506539767502,17.579341943757004,8.755568855588844,0.48807975290597183,2.402799070460372,3.7590584835568484
5.2904632904749445,4.014691099224424,3.186901463992964,21.514921567083842,8.65240986514844,0.45464263682181055,3.0817731092473326,3.6672015785263485
5.075250664891585,3.7728730300315063,3.0522737174765804,19.855434058771948,8.905280068744347,0.6676023856784093,1.9685652362357624,3.7827601792538488
4.806230127977924,3.9449741423137428,2.8512127090449995,20.013384530204462,8.727284823720787,0.49964495287468375,1.8853221809482323,3.9985869098835596
4.802034846303531,4.007997969574733,2.9582490943341457,18.86681903630006,9.160428806315402,0.7415246275414065,2.530562811392835,3.8230267408870326
5.0094878744717155,3.96464444982979,2.6599705481806573,19.75486779252274,8.535060916600214,0.5502237166471422,1.392142410295251,3.7449782381799928
4.816671037552579,3.4800000699482965,2.7197197707269924,18.454152938743086,8.241074772752949,0.721992779349218,2.5848328664548785,3.7951139118918724
5.2174998503713725,3.7841985222545786,2.8074767179449713,20.771002027267414,8.970348680318146,0.5605027962159655,2.444088624711103,3.9117534170732444
4.722917623382676,3.8629870672676727,3.0910745549025775,20.599331301056022,8.563844381687234,0.5167423361419166,1.7703568625276351,3.7313321264298294
5.072776592513692,4.035108011830907,3.0396736256109858,19.983790796625968,9.422064994510217,0.5615896840125568,2.353861409179616,3.5760563933907012
4.864451385337772,3.489429408255886,2.847934957729638,18.491241349660402,8.400282850155268,0.589955719594474,2.259642114696195,3.715493978080116
4.641659336282394,3.821616009947045,2.7912873187256158,17.65584274306152,8.607083884291121,0.569764876616745,2.6424907983120867,3.468681049545473
4.458421594098371,3.5649435092294306,3.0930837545089185,17.475478306373446,8.735802578160534,0.48601744771118166,2.3881894899402583,3.7751418330452866
5.295230567681547,4.018406344150579,3.1695551223345912,21.417257409574,8.630085474617834,0.4526463802627148,3.067656104388634,3.6835205006830556
5.080044744163827,3.775986324313456,3.0349382625646197,19.743158888393335,8.883061670513342,0.6656206814067052,1.9541216396038592,3.79910907735605
4.810957442280911,3.947196586888462,2.833836983441074,19.908434436000977,8.708764156779262,0.49765177148185774,1.8708541625549606,4.014991793522735
4.8067991845243565,4.0101385945615755,2.940849554452883,18.74858510911078,9.137059907774765,0.7394796411248102,2.5148171982051455,3.837310881072504
5.014126390531929,3.9657323371339874,2.642567255830004,19.65181973165268,8.515621382087824,0.5482339914788387,1.3772363243670764,3.761317335632142
4.821417900776906,3.4822053786353613,2.702356913956039,18.348361210425157,8.220694879095303,0.7199660829440533,2.5698167050496745,3.811014680144664
5.222249817633117,3.786380133576241,2.790114852958992,20.665023303946942,8.949862135936339,0.5584748913095974,2.4290614145154787,3.9276529417251727
4.72766731295254,3.8652325934695315,3.073712793068372,20.49353291782367,8.543330188606964,0.5147144413486341,1.7553361223129273,3.747215700859065
5.077526233129202,4.03739394178333,3.0223118667515956,19.877769110076866,9.401558797979726,0.5595634512201441,2.338843613616489,3.5919696163076664
4.8692009292656815,3.491623699203724,2.83057334105339,18.38533667540094,8.37972569250793,0.5879289083360462,2.244593440264818,3.73137886314822
4.64640867580819,3.8240004201920277,2.773925570947823,17.5501043023923,8.586550417281035,0.5677369517068881,2.62744406367896,3.484569857540409
4.4631713993765265,3.567200789172642,3.0757222605389645,17.369627985228053,8.715268015336568,0.48399013241399597,2.3731668009017186,3.7910335145785092
5.299980279822168,4.0206506507795,3.1521933577081094,21.31124593037354,8.609602750977531,0.4506185212325226,3.0526419249032286,3.699408418534533
5.0847945719917504,3.7782508653083764,3.0175764593924783,19.63752722854296,8.862576798979624,0.6635927025775362,1.939101818040972,3.8149965162898343
4.8157069819273435,3.9494910734930424,2.816475322851512,19.80261235775202,8.688204352135166,0.495623887135936,1.8558339190908464,4.030878337990513
4.811548883979264,4.01243583150375,2.92348797818025,18.643108349619435,9.116598350689811,0.7374521832540312,2.499774883490584,3.853231308093306
5.018875546893379,3.9680649614950085,2.62520569284338,19.54594820925697,8.495080197943627,0.5462060786801968,1.3622085130118609,3.7772049311482996
4.826167524803477,3.484500441256972,2.6849952078030337,18.24256101080469,8.200172750969543,0.7179384745041851,2.5547869920716346,3.826909278729633
5.2269994550578245,3.7886759927767226,2.772753143294468,20.559227965339257,8.929342169046715,0.5564472928184887,2.4140315106626624,3.9435475601788212
4.7324169491786305,3.8675263041930728,3.0563510830386287,20.387732891200468,8.522810782007639,0.5126868427742713,1.7403063302330846,3.763110574145171
5.082275869143988,4.03968629434855,3.00495015671132,19.771974888316162,9.381039229333378,0.5575358389636709,2.323813872407347,3.6078640159077846
4.873950564863129,3.493919132182888,2.813211630509701,18.27953941185715,8.359207156569125,0.5859013008416859,2.2295631656038823,3.7472737154945976
4.651158310523366,3.8262894623757355,2.756563860868312,17.444302717537266,8.566031401260526,0.5657093533804544,2.612413822529254,3.50046464721123
4.467921036102057,3.5694941047981685,3.0583605495608204,17.26382930875248,8.694749021522307,0.4819625290690403,2.358136975154723,3.806928258339575
5.304729916145682,4.022944402498571,3.134831647688253,21.20545144326857,8.58908270666204,0.44859092236374687,3.0376122461640946,3.715303222426939
5.089544208814613,3.7805439368561227,3.0002147495090967,19.531722867876177,8.842056798190372,0.6615651046949832,1.924072041831415,3.830891327833781
4.820456617506311,3.951783138429314,2.7991136124633016,19.696812947090624,8.667685869836737,0.49359628847556736,1.8408041355926812,4.0467731638251045
4.816298520248021,4.014727803988359,2.906126267493507,18.53729996225346,9.096077877442168,0.735424581082786,2.4847447186977405,3.869125592595377
5.023625180817951,3.9703557444435793,2.6078439821095962,19.44015008391671,8.474561338307888,0.5441784802540599,1.3471785987736358,3.7930997401905713
4.830917160746659,3.4867924868306264,2.6676334975761455,18.136761031399253,8.179653505170878,0.7159108735724717,2.5397570449816835,3.8428039758857406
5.231749091058838,3.79096801157365,2.755391433080013,20.453427859569775,8.908822879451426,0.5544196918048742,2.39900156027523,3.9594422570174923
4.73716658517447,3.8698183952103204,3.038989372825467,20.2819329072979,8.502291481058284,0.5106592417613421,1.7252763817766001,3.7790052669124523
5.087025505138915,4.041978431019827,2.987588446498195,19.666174753513783,9.360519931667845,0.5555082380633771,2.3087839248296858,3.6237587162430205
4.878700200856255,3.4962111653071,2.7958499202983584,18.173739356127186,8.338687837976169,0.583873699902189,2.214533208810507,3.763168408596427
4.655907946512683,3.8285817103243613,2.739202150655326,17.33850277414158,8.545512092396242,0.5636817523654842,2.5973838663148068,3.51635934131441
4.472670672100052,3.571786209096502,3.0409988393510163,17.158029289752264,8.674229712208023,0.4799349280953842,2.3431070261166176,3.822822953176243
5.3094795521419424,4.025236492137768,3.117469937475056,21.09965131536392,8.568563418635762,0.4465633213532415,3.022582299665642,3.731197916302905
5.094293844813029,3.7828360493590467,2.9828530392954167,19.42592299663887,8.82153750928205,0.6595375036763589,1.9090420936490997,3.8467860215875
4.825206253499358,3.9540752847691403,2.781751902251409,19.591012947175873,8.64716655015678,0.49156868746334625,1.8257741872844506,4.062667857350506
4.8210481562440455,4.017019953435917,2.8887645572826712,18.431500195691875,9.075558598108037,0.7333969800994675,2.4697147638024055,3.8850202947695043
5.028374816803857,3.9726479338769862,2.590482271898927,19.334350050589503,8.454042026274529,0.5421508792399106,1.3321486482067888,3.8089944339842594
4.835666796741278,3.4890846338213213,2.650271787363682,18.03096104626924,8.159134200962962,0.7138832725789491,2.5247270938473028,3.858698671467004
5.236498727053706,3.793260159464435,2.7380297228675055,20.347627877724648,8.888303576131031,0.5523920908120257,2.383971609083883,3.975336952603828
4.741916221169316,3.8721105406734444,3.021627662612955,20.176132922284793,8.481772177967974,0.508631640768488,1.7102464306186118,3.7948999625638353
5.091775141133759,4.044270574948307,2.970226736285683,19.560374772423376,9.340000628510989,0.5534806370695956,2.2937539736868793,3.639653411773492
4.883449836851091,3.4985033127162786,2.7784882100858397,18.067939372981257,8.318168535243398,0.5818460989087302,2.199503257508493,3.779063104242465
4.660657582507502,3.8308738505122903,2.721840440442813,17.232702788075475,8.524992789466324,0.5616541513726467,2.5823539150227943,3.53225403694445
4.477420308094908,3.5740783541131864,3.023637129138492,17.05222930565153,8.653710409287225,0.47790732710220657,2.328077074948581,3.8387176487945647
5.314229188136792,4.027528637647215,3.1001082272625435,20.993851334094202,8.54804411528357,0.44453572036036726,3.0075523485414797,3.7470926119365755
5.099043480807886,3.7851281940999377,2.965491329082906,19.320123008696978,8.801018205947733,0.6575099026835515,1.8940121424958476,3.8626807172231237
4.829955889494192,3.9563674283726153,2.764390192038892,19.485212962579,8.626647247446037,0.4895410864704861,1.8107442361290231,4.078562552989777
4.825797792238893,4.019312096934927,2.8714028470701507,18.325700205028888,9.055039294579702,0.7313693791063693,2.454684812533182,3.900914990270597
5.03312445279866,3.9749400760318854,2.573120561686406,19.2285500668612,8.433522723408831,0.5401232782470662,1.3171186970123425,3.824889129619244
4.840416432736118,3.491376777402918,2.632910077151167,17.92516106128803,8.138614897938687,0.711855671585935,2.5096971426430517,3.874593367073429
5.241248363048547,3.7955523030157754,2.7206680126549907,20.241827892658044,8.867784273088771,0.550364489819006,2.368941657878648,3.9912316482101717
4.746665857164157,3.8744026843063897,3.0042659524004396,20.070332937300538,8.461252874921051,0.5066040397754683,1.6952164794139528,3.81079465816914
5.096524777128598,4.046562718632838,2.9528650260731677,19.454574787337148,9.319481325465414,0.5514530360765836,2.278724022482483,3.6555481073807288
4.888199472845931,3.500795456283808,2.7611264998733245,17.962139387948465,8.29764923218923,0.5798184979157155,2.1844733063013466,3.794957799847855
4.6654072185023425,3.83316599432256,2.7044787302302984,17.126902803118593,8.504473486416149,0.5596265503796269,2.5673239638158205,3.548148732550096
4.4821699440897484,3.5763704977611392,3.006275418925977,16.946429320643556,8.633191106236865,0.47587972610918955,2.313047123743749,3.8546123444003975
5.318978824131632,4.029820781278604,3.082746517050029,20.888051349012635,8.527524812241952,0.4425081193673477,2.9925223973374053,3.7629873075421627
5.103793116802727,3.7874203377571614,2.948129618870391,19.214323023788857,8.780498902905753,0.6554823016905313,1.8789821912912708,3.87857541282868
4.834705525489033,3.9586595720680724,2.7470284818263773,19.379412977583925,8.606127944391421,0.4875134854774664,1.795714284924409,4.094457248595275
4.830547428233734,4.021604240633896,2.854041136857636,18.219900220191505,9.034519991541654,0.7293417781133517,2.4396548613266016,3.9168096858783024
5.037874088793501,3.977232219776036,2.555758851473891,19.122750081843545,8.413003420357356,0.5380956772540463,1.302088745807054,3.8407838252248108
4.8451660687309595,3.4936689210991103,2.615548366938652,17.819361076302947,8.118095594890423,0.7098280705929164,2.494667191437594,3.890488062679452
5.245997999043389,3.797844446712985,2.7033063024424755,20.13602790767518,8.847264970040873,0.5483368888259874,2.3539117066731734,4.0071263438161955
4.751415493158999,3.876694828000856,2.9869042421879244,19.964532952315537,8.440733571873247,0.5045764387824498,1.6801865282084882,3.8266893537751803
5.10127441312344,4.048854862325571,2.9355033158606525,19.3487748023548,9.298962022417584,0.549425435083565,2.2636940712770226,3.6714428029867383
4.892949108840773,3.5030875999804736,2.7437647896608093,17.85633940296473,8.277129929141573,0.5777908969226969,2.1694433550958387,3.8108524954538945
4.6701568544971845,3.8354581380110657,2.6871170200177827,17.021102818132885,8.483954183368411,0.5575989493866084,2.5522940126103157,3.564043428156131
4.4869195800845905,3.578662641455101,2.9889137087134614,16.840629335659177,8.61267180318913,0.47385212511617103,2.298017172538281,3.870507040006429
5.323728460126474,4.032112924973123,3.065384806837513,20.782251364030166,8.50700550919404,0.44048051837432917,2.9774924461319503,3.7788820031481984
5.108542752797569,3.789712481450811,2.9307679086578755,19.108523038801877,8.759979599857848,0.6534547006975129,1.863952240085807,3.894470108434716
4.839455161483875,3.9609517157604373,2.7296667716138616,19.273612992599205,8.585608641343772,0.48548588448444796,1.7806843337189444,4.110351944201312
4.835297064228576,4.023896384326142,2.8366794266451203,18.114100235202685,9.014000688493669,0.7273141771203332,2.4246249101211035,3.9327043814843043
5.042623724788343,3.9795243634667634,2.5383971412613753,19.01695009685941,8.39248411730964,0.5360680762610279,1.2870587946015783,3.856678520830847
4.8499157047258015,3.49596106479145,2.5981866567261362,17.713561091317967,8.097576291842643,0.7078004695998981,2.479637240232115,3.9063827582854813
5.250747635038231,3.80013659040529,2.68594459222996,20.030227922690145,8.826745666993085,0.5463092878329692,2.338881755467694,4.023021039422225
4.756165129153841,3.8789869716932537,2.9695425319754087,19.858732967330557,8.420214268825458,0.5025488377894316,1.6651565770030092,3.84258404938121
5.1060240491182824,4.051147006018027,2.918141605648137,19.242974817369753,9.278442719369794,0.5473978340905469,2.2486641200715436,3.6873374985927683
4.897698744835615,3.5053797436727976,2.7264030794482936,17.750539417979716,8.25661062609378,0.5757632959296788,2.154413403890359,3.826747191059924
4.674906490492027,3.837750281703664,2.669755309805267,16.915302833147923,8.463434880320621,0.5555713483935903,2.5372640614048354,3.5799381237621604
4.4916692160794325,3.580954785147516,2.9715519985009458,16.73482935067418,8.59215250014134,0.47182452412315296,2.2829872213328013,3.8864017356124587
5.328478096121316,4.034405068665518,3.0480230966249975,20.676451379045123,8.486486206146253,0.43845291738131115,2.9624624949264713,3.794776698754228
5.113292388792411,3.792004625143236,2.91340619844536,19.00272305381695,8.739460296810062,0.6514270997044949,1.8489222888803278,3.9103648040407455
4.844204797478717,3.963243859452905,2.712305061401346,19.167813007614217,8.565089338295982,0.48345828349142994,1.7656543825134654,4.126246639807341
4.840046700223418,4.026188528018613,2.8193177164326046,18.008300250217804,8.993481385445886,0.7252865761273151,2.409594958915624,3.948599077090334
5.047373360783185,3.9818165071592855,2.5210354310488596,18.91115011187441,8.371964814261853,0.5340404752680098,1.2720288433960993,3.872573216436876
4.8546653407206435,3.4982532084839177,2.5808249465136206,17.607761106332987,8.077056988794858,0.7057728686068799,2.4646072890266364,3.92227745389151
5.255497271033073,3.8024287340977594,2.668582882017444,19.924427937705165,8.806226363945301,0.544281686839951,2.3238518042622154,4.038915735028254
4.760914765148683,3.88127911538572,2.952180821762893,19.752932982345577,8.399694965777673,0.5005212367964135,1.6501266257975304,3.858478744987238
5.1107736851131245,4.053439149710491,2.900779895435621,19.137174832384773,9.25792341632201,0.5453702330975287,2.233634168866065,3.7032321941987965
4.902448380830457,3.507671887365266,2.709041369235778,17.644739432994736,8.236091323045995,0.5737356949366607,2.1393834526848803,3.842641886665952
4.679656126486869,3.8400424253961227,2.6523935995927514,16.809502848162943,8.442915577272837,0.5535437474005722,2.5222341101993573,3.5958328193681885
4.4964188520742745,3.583246928839981,2.95419028828843,16.629029365689203,8.571633197093556,0.4697969231301348,2.2679572701273236,3.902296431218487
5.333227732116158,4.036697212357984,3.030661386412482,20.570651394060146,8.46596690309847,0.436425316388293,2.947432543720993,3.810671394360256
5.118042024787253,3.7942967688357006,2.896044488232844,18.89692306883197,8.71894099376228,0.6493994987114766,1.8338923376748497,3.9262594996467737
4.848954433473559,3.9655360031453686,2.6949433511888303,19.06201302262924,8.5445700352482,0.4814306824984117,1.750624431307987,4.14214133541337
4.84479633621826,4.028480671711077,2.801956006220089,17.902500265232824,8.972962082398103,0.7232589751342968,2.3945650077101455,3.964493772696362
5.052122996778027,3.9841086508517476,2.503673720836344,18.805350126889433,8.35144551121407,0.5320128742749916,1.2569988921906208,3.8884679120429038
4.8594149767154855,3.5005453521763816,2.563463236301105,17.50196112134801,8.056537685747074,0.7037452676138617,2.4495773378211574,3.938172149497538
5.260246907027915,3.8047208777902233,2.6512211718049286,19.81862795272019,8.785707060897517,0.5422540858469328,2.3088218530567364,4.054810430634282
4.765664401143525,3.8835712590781837,2.9348191115503774,19.647132997360597,8.379175662729889,0.4984936358033952,1.6350966745920514,3.874373440593266
5.1155233211079665,4.055731293402955,2.8834181852231056,19.031374847399793,9.237404113274225,0.5433426321045104,2.218604217660586,3.7191268898048246
4.907198016825299,3.50996403105773,2.6916796590232623,17.538939448009756,8.215572019998211,0.5717080939436423,2.1243535014794013,3.8585365822719804
4.684405762481711,3.8423345690885875,2.635031889380236,16.703702863177963,8.422396274225052,0.5515161464075539,2.5072041589938783,3.6117275149742167
4.5011684880691165,3.5855390725324456,2.9368285780759145,16.523229380704223,8.551113894045772,0.46776932213711647,2.2529273189218446,3.918191126824515
5.337977368111,4.038989356050449,3.013299676199966,20.464851409075166,8.445447600050684,0.43439771539527466,2.932402592515514,3.8265660899662843
5.122791660782095,3.7965889125281653,2.8786827780203286,18.79112308384699,8.698421690714493,0.6473718977184584,1.8188623864693707,3.942154195252802
4.853704069468401,3.9678281468378334,2.6775816409763147,18.95621303764426,8.524050732200413,0.47940308150539346,1.735594480102508,4.158036031019398
4.849545972213102,4.030772815403542,2.7845942960075734,17.796700280247848,8.952442779350317,0.7212313741412786,2.3795350565046665,3.9803884683023902
5.056872632772869,3.9864007945442124,2.4863120106238283,18.699550141904457,8.330926208166284,0.5299852732819733,1.2419689409851418,3.904362607648932
4.8641646127103275,3.5028374958688464,2.5461015260885893,17.396161136363034,8.036018382699288,0.7017176666208434,2.4345473866156784,3.9540668451035663
5.264996543022757,3.807013021482688,2.633859461592413,19.712827967735212,8.76518775784973,0.5402264848539146,2.2937919018512574,4.07070512624031
4.770414037138367,3.8858634027706485,2.917457401337862,19.54133301237562,8.358656359682103,0.49646603481037693,1.6200667233865724,3.8902681361992943
5.1202729571028085,4.05802343709542,2.86605647501059,18.925574862414816,9.21688481022644,0.5413150311114922,2.203574266455107,3.735021585410853
4.911947652820141,3.5122561747501946,2.6743179488107467,17.43313946302478,8.195052716950425,0.5696804929506241,2.1093235502739223,3.8744312778780086
4.689155398476553,3.844626712781052,2.61767017916772,16.597902878192986,8.401876971177266,0.5494885454145356,2.4921742077883993,3.627622210580245
4.5059181240639585,3.58783121622491,2.919466867863399,16.417429395719246,8.530594590997985,0.46574172114409823,2.2378973677163656,3.9340858224305433
5.342727004105842,4.041281499742913,2.9959379659874505,20.35905142409019,8.424928297002898,0.4323701144022564,2.917372641310035,3.8424607855723125
5.127541296776937,3.79888105622063,2.861321067807813,18.685323098862014,8.677902387666707,0.6453442967254401,1.8038324352638917,3.95804889085883
4.858453705463243,3.970120290530298,2.660219930763799,18.850413052659285,8.503531429152627,0.4773754805123752,1.720564528897029,4.173930726625426
4.854295608207944,4.033064959096007,2.7672325857950577,17.69090029526287,8.931923476302531,0.7192037731482603,2.3645051052991874,3.9962831639084184
5.061622268767711,3.988692938236677,2.4689503004113127,18.59375015691948,8.310406905118498,0.5279576722889551,1.2269389897796628,3.92025730325496
4.8689142487051695,3.505129639561311,2.5287398158760737,17.290361151378058,8.015499079651502,0.6996900656278252,2.4195174354101994,3.9699615407095945
5.2697461790175995,3.809305165175153,2.6164977513798973,19.607027982750235,8.744668454801944,0.5381988838608963,2.2787619506457784,4.086599821846338
4.775163673133209,3.8881555464631132,2.900095691125346,19.435533027390644,8.338137056634316,0.4944384338173587,1.6050367721810934,3.9061628318053225
5.1250225930976505,4.060315580787885,2.8486947647980743,18.81977487742984,9.196365507178653,0.5392874301184739,2.188544315249628,3.750916281016881
4.916697288814983,3.5145483184426594,2.656956238598231,17.327339478039804,8.174533413902639,0.5676528919576058,2.0942935990684433,3.8903259734840367
4.693905034471395,3.8469188564735166,2.6003084689552045,16.49210289320801,8.38135766812948,0.5474609444215174,2.4771442565829203,3.643516906186273
4.5106677600588005,3.5901233599173747,2.902105157650883,16.31162941073427,8.5100752879502,0.46371412015108,2.2228674165108866,3.9499805180365715
5.347476640100684,4.043573643435378,2.978576255774935,20.253251439105213,8.404408993955112,0.4303425134092382,2.902342690104556,3.8583554811783407
5.132290932771779,3.801173199913095,2.8439593575952973,18.579523113877038,8.657383084618921,0.6433166957324219,1.7888024840584127,3.9739435864648582
4.863203341458085,3.972412434222763,2.6428582205512834,18.744613067674308,8.48301212610484,0.475347879519357,1.70553457769155,4.189825422231454
4.859045244202786,4.035357102788471,2.749870875582542,17.585100310277895,8.911404173254745,0.7171761721552421,2.3494751540937084,4.012177859514447
5.066371904762553,3.990985081929142,2.451588590198797,18.487950171934504,8.289887602070712,0.5259300712959368,1.2119090385741838,3.9361519988609883
4.8736638847000116,3.507421783253776,2.511378105663558,17.18456116639308,7.994979776603716,0.697662464634807,2.4044874842047204,3.9858562363156227
5.2744958150124415,3.8115973088676176,2.5991360411673816,19.50122799776526,8.724149151754158,0.5361712828678781,2.2637319994402993,4.102494517452366
4.779913309128051,3.890447690155578,2.8827339809128305,19.329733042405667,8.31761775358653,0.49241083282434045,1.5900068209756144,3.9220575274113507
5.1297722290924925,4.062607724480349,2.8313330545855586,18.713974892444863,9.175846204130867,0.5372598291254557,2.173514364044149,3.766810976622909
4.921446924809825,3.516840462135124,2.6395945283857154,17.221539493054827,8.154014110854853,0.5656252909645876,2.0792636478629642,3.906220669090065
4.698654670466237,3.8492110001659814,2.582946758742689,16.386302908223033,8.360838365081694,0.5454333434284991,2.4621143053774412,3.6594116017923013
4.515417396053643,3.5924155036098395,2.8847434474383675,16.205829425749293,8.489555984902413,0.46168651915806175,2.2078374653054076,3.9658752136425997
5.352226276095526,4.045865787127843,2.9612145455624193,20.147451454120237,8.383889690907326,0.42831491241621994,2.887312738899077,3.874250176784369
5.137040568766621,3.8034653436055597,2.8265976473827816,18.47372312889206,8.636863781571135,0.6412890947394037,1.7737725328529337,3.9898382820708864
4.867952977452927,3.9747045779152277,2.6254965103387677,18.63881308268933,8.462492823057055,0.47332027852633873,1.690504626486071,4.205720117837482
4.863794880197628,4.037649246480936,2.7325091653700264,17.479300325292918,8.890884870206959,0.7151485711622239,2.3344452028882294,4.028072555120475
5.071121540757395,3.9932772256216067,2.4342268799862814,18.382150186949527,8.269368299022926,0.5239024703029186,1.1968790873687047,3.9520466944670165
4.878413520694854,3.5097139269462407,2.4940163954510424,17.078761181408105,7.97446047355593,0.6956348636417887,2.3894575329992414,4.00175093192165
5.2792454510072835,3.8138894525600824,2.581774330954866,19.395428012780283,8.703629848706372,0.5341436818748598,2.2487020482348203,4.118389213058395
4.784662945122893,3.892739833848043,2.865372270700315,19.22393305742069,8.297098450538744,0.4903832318313222,1.5749768697701354,3.937952223017379
5.1345218650873345,4.064899868172814,2.813971344373043,18.608174907459887,9.15532690108308,0.5352322281324374,2.15848441283867,3.7827056722289374
4.926196560804667,3.519132605827589,2.6222328181731998,17.11573950806985,8.133494807807066,0.5635976899715693,2.0642336966574852,3.922115364696093
4.703404306461079,3.851503143858446,2.565585048530173,16.280502923238057,8.340319062033908,0.5434057424354809,2.4470843541719622,3.6753062973983295
4.520167032048485,3.5947076473023043,2.867381737225852,16.100029440764317,8.469036681854627,0.4596589181650435,2.1928075140999286,3.981769909248628
5.356975912090368,4.048157930820308,2.9438528353499036,20.04165146913526,8.36337038785954,0.4262873114232017,2.872282787693598,3.890144872390397
5.141790204761463,3.8057574872980244,2.809235937170266,18.367923143907085,8.616344478523349,0.6392614937463854,1.7587425816474547,4.005732977676915
4.872702613447769,3.9769967216076925,2.608134800126252,18.533013097704355,8.441973520009268,0.4712926775333205,1.675474675280592,4.2216148134435105
4.86854451619247,4.039941390173401,2.7151474551575108,17.37350034030794,8.870365567159173,0.7131209701692056,2.3194152516827504,4.043967250726503
5.075871176752237,3.9955693693140715,2.4168651697737658,18.27635020196455,8.24884899597514,0.5218748693099003,1.1818491361632257,3.9679413900730447
4.883163156689696,3.5120060706387055,2.4766546852385267,16.972961196423128,7.953941170508144,0.6936072626487705,2.3744275817937623,4.017645627527679
5.2839950870021255,3.816181596252547,2.5644126207423503,19.289628027795306,8.683110545658586,0.5321160808818416,2.2336720970293413,4.134283908664423
4.789412581117735,3.8950319775405076,2.848010560487799,19.118133072435715,8.276579147490958,0.48835563083830397,1.5599469185646564,3.953846918623407
5.139271501082177,4.067192011865279,2.7966096341605273,18.50237492247491,9.134807598035295,0.5332046271394192,2.143454461633191,3.7986003678349656
4.930946196799509,3.5214247495200537,2.604871107960684,17.009939523084874,8.11297550475928,0.5615700889785511,2.0492037454520062,3.9380100603021213
4.708153942455921,3.853795287550911,2.5482233383176576,16.17470293825308,8.319799758986122,0.5413781414424627,2.4320544029664832,3.6912009930043577
4.524916668043327,3.596999790994769,2.8500200270133362,15.99422945577934,8.44851737880684,0.45763131717202526,2.1777775628944496,3.997664604854656
5.36172554808521,4.0504500745127725,2.926491125137388,19.935851484150284,8.342851084811754,0.42425971043018346,2.857252836488119,3.9060395679964253
5.146539840756305,3.808049630990489,2.7918742269577503,18.26212315892211,8.595825175475563,0.6372338927533672,1.7437126304419757,4.021627673282943
4.877452249442611,3.9792888653001572,2.5907730899137364,18.42721311271938,8.421454216961482,0.46926507654030225,1.660444724075113,4.237509509049539
4.873294152187312,4.042233533865866,2.697785744944995,17.267700355322965,8.849846264111386,0.7110933691761874,2.3043853004772714,4.059861946332531
5.080620812747079,3.9978615130065362,2.39950345956125,18.170550216979574,8.228329692927353,0.5198472683168821,1.1668191849577467,3.983836085679073
4.887912792684538,3.5142982143311703,2.459292975026011,16.86716121143815,7.933421867460358,0.6915796616557522,2.3593976305882833,4.033540323133707
5.2887447229969675,3.818473739945012,2.5470509105298347,19.18382804281033,8.6625912426108,0.5300884798888233,2.2186421458238623,4.150178604270451
4.794162217112577,3.8973241212329723,2.8306488502752836,19.012333087450738,8.256059844443172,0.4863280298452857,1.5449169673591774,3.9697416142294353
5.144021137077019,4.069484155557744,2.7792479239480117,18.396574937489934,9.114288294987508,0.5311770261464009,2.128424510427712,3.8144950634409938
4.935695832794351,3.5237168932125185,2.5875093977481685,16.904139538099898,8.092456201711494,0.5595424879855329,2.0341737942465272,3.9539047559081495
4.712903578450763,3.8560874312433757,2.530861628105142,16.068902953268104,8.299280455938336,0.5393505404494444,2.4170244517610042,3.707095688610386
4.529666304038169,3.599291934687234,2.8326583168008206,15.888429470794364,8.427998075759055,0.455603716179007,2.1627476116889706,4.013559300460685
5.366475184080052,4.052742218205237,2.9091294149248723,19.830051499165307,8.322331781763967,0.4222321094371652,2.84222288528264,3.921934263602454
5.151289476751147,3.810341774682954,2.7745125167452347,18.156323173937132,8.575305872427776,0.6352062917603489,1.7286826792364967,4.037522368888971
4.882201885437453,3.981581008992622,2.573411379701221,18.321413127734402,8.400934913913696,0.467237475547284,1.645414772869634,4.253404204655567
4.878043788182154,4.0445256775583305,2.6804240347324795,17.16190037033799,8.8293269610636,0.7090657681831691,2.2893553492717924,4.075756641938559
5.085370448741921,4.000153656699001,2.3821417493487345,18.064750231994598,8.207810389879567,0.5178196673238639,1.1517892337522677,3.999730781285101
4.89266242867938,3.516590358023635,2.4419312648134954,16.761361226453175,7.912902564412572,0.689552060662734,2.3443676793828043,4.049435018739735
5.2934943589918095,3.8207658836374767,2.529689200317319,19.078028057825353,8.642071939563014,0.5280608788958051,2.2036121946183833,4.166073299876479
4.798911853107419,3.899616264925437,2.813287140062768,18.90653310246576,8.235540541395386,0.4843004288522675,1.5298870161536984,3.9856363098354635
5.148770773071861,4.0717762992502085,2.761886213735496,18.290774952504957,9.093768991939722,0.5291494251533827,2.113394559222233,3.830389759047022
4.940445468789193,3.5260090369049832,2.570147687535653,16.79833955311492,8.071936898663708,0.5575148869925146,2.019143843041048,3.9697994515141777
4.717653214445605,3.8583795749358405,2.5134999178926263,15.963102968283128,8.27876115289055,0.5373229394564262,2.401994500555525,3.722990384216414
4.534415940033011,3.6015840783796986,2.815296606588305,15.782629485809387,8.407478772711269,0.4535761151859888,2.1477176604834916,4.029453996066713
5.371224820074894,4.055034361897702,2.8917677047123567,19.72425151418033,8.301812478716181,0.420204508444147,2.827192934077161,3.937828959208482
5.156039112745989,3.8126339183754188,2.757150806532719,18.050523188952155,8.55478656937999,0.6331786907673307,1.7136527280310176,4.053417064494999
4.886951521432295,3.983873152685087,2.556049669488705,18.215613142749426,8.38041561086591,0.46520987455426577,1.630384821664155,4.269298900261595
4.882793424176996,4.046817821250795,2.663062324519964,17.056100385353012,8.808807658015814,0.7070381671901509,2.2743253980663134,4.0916513375445875
5.090120084736763,4.002445800391466,2.364780039136219,17.95895024700962,8.187291086831781,0.5157920663308456,1.1367592825467887,4.015625476891129
4.897412064674222,3.5188825017161,2.42456955460098,16.6555612414682,7.8923832613647855,0.6875244596697158,2.3293377281773253,4.065329714345763
5.2982439949866516,3.8230580273299415,2.5123274901048034,18.972228072840377,8.621552636515228,0.5260332779027869,2.1885822434129043,4.181967995482507
4.803661489102261,3.901908408617902,2.7959254298502523,18.800733117480785,8.2150212383476,0.48227282785924924,1.5148570649482194,4.001531005441492
5.153520409066703,4.074068442942673,2.7445245035229804,18.18497496751998,9.073249688891936,0.5271218241603645,2.098364608016754,3.84628445465305
4.945195104784035,3.528301180597448,2.552785977323137,16.692539568129945,8.051417595615922,0.5554872859994964,2.004113891835569,3.985694147120206
4.722402850440447,3.8606717186283053,2.4961382076801106,15.857302983298151,8.258241849842763,0.5352953384634079,2.386964549350046,3.7388850798224422
4.539165576027853,3.6038762220721634,2.7979348963757893,15.676829500824411,8.386959469663482,0.45154851419297054,2.1326877092780125,4.045348691672741
5.375974456069736,4.057326505590167,2.874405994499841,19.618451529195355,8.281293175668395,0.41817690745112873,2.812162982871682,3.9537236548145103
5.160788748740831,3.8149260620678835,2.7397890963202034,17.94472320396718,8.534267266332204,0.6311510897743124,1.6986227768255386,4.069311760101027
4.891701157427137,3.9861652963775516,2.5386879592761895,18.10981315776445,8.359896307818124,0.4631822735612475,1.615354870458676,4.285193595867623
4.887543060171838,4.04910996494326,2.645700614307448,16.950300400368036,8.788288354968028,0.7050105661971326,2.2592954468608344,4.107546033150616
5.094869720731605,4.004737944083931,2.347418328923703,17.853150262024645,8.166771783783995,0.5137644653378274,1.1217293313413097,4.031520172497157
4.902161700669064,3.5211746454085646,2.407207844388464,16.549761256483222,7.871863958316999,0.6854968586766975,2.3143077769718463,4.081224409951791
5.302993630981494,3.8253501710224063,2.4949657798922877,18.8664280878554,8.601033333467441,0.5240056769097686,2.1735522922074253,4.1978626910885355
4.808411125097103,3.9042005523103667,2.7785637196377366,18.69493313249581,8.194501935299813,0.480245226866231,1.4998271137427404,4.01742570104752
5.158270045061545,4.076360586635138,2.7271627933104647,18.079174982535005,9.05273038584415,0.5250942231673462,2.083334656811275,3.8621791502590783
4.949944740778877,3.530593324289913,2.5354242671106215,16.58673958314497,8.030898292568136,0.5534596850064781,1.9890839406300902,4.001588842726234
4.727152486435289,3.86296386232077,2.478776497467595,15.751502998313175,8.237722546794977,0.5332677374703897,2.371934598144567,3.75477977542847
4.543915212022695,3.606168365764628,2.7805731861632736,15.571029515839435,8.366440166615696,0.4495209131999523,2.1176577580725335,4.061243387278768
5.380724092064578,4.059618649282632,2.8570442842873254,19.512651544210378,8.260773872620609,0.4161493064581105,2.797133031666203,3.9696183504205376
5.165538384735673,3.8172182057603483,2.7224273861076878,17.838923218982202,8.513747963284418,0.6291234887812942,1.6835928256200596,4.085206455707055
4.896450793421979,3.9884574400700163,2.521326249063674,18.004013172779473,8.339377004770338,0.4611546725682293,1.600324919253197,4.301088291473651
4.89229269616668,4.051402108635725,2.6283389040949325,16.84450041538306,8.767769051920242,0.7029829652041144,2.2442654956553554,4.123440728756643
5.099619356726447,4.007030087776395,2.3300566187111875,17.74735027703967,8.146252480736209,0.5117368643448091,1.1066993801358307,4.047414868103185
4.906911336663906,3.5234667891010294,2.3898461341759485,16.443961271498246,7.851344655269213,0.6834692576836793,2.2992778257663673,4.097119105557819
5.307743266976336,3.827642314714871,2.477604069679772,18.760628102870424,8.580514030419655,0.5219780759167504,2.1585223410019463,4.213757386694563
4.813160761091945,3.9064926960028314,2.761202009425221,18.589133147510832,8.173982632252027,0.47821762587321276,1.4847971625372614,4.033320396653547
5.163019681056387,4.078652730327603,2.709801083097949,17.973374997550028,9.032211082796364,0.523066622174328,2.068304705605796,3.8780738458651056
4.954694376773719,3.5328854679823776,2.518062556898106,16.480939598159992,8.01037898952035,0.5514320840134599,1.9740539894246112,4.017483538332261
4.731902122430131,3.865256006013235,2.4614147872550793,15.645703013328198,8.217203243747191,0.5312401364773714,2.356904646939088,3.7706744710344973
4.548664848017537,3.608460509457093,2.763211475950758,15.465229530854458,8.34592086356791,0.44749331220693406,2.1026278068670545,4.077138082884796
5.38547372805942,4.061910792975096,2.8396825740748097,19.4068515592254,8.240254569572823,0.41412170546509225,2.782103080460724,3.985513046026565
5.170288020730515,3.819510349452813,2.705065675895172,17.733123233997226,8.493228660236632,0.627095887788276,1.6685628744145806,4.101101151313082
4.901200429416821,3.990749583762481,2.503964538851158,17.898213187794497,8.318857701722552,0.45912707157521104,1.585294968047718,4.316982987079678
4.897042332161522,4.05369425232819,2.610977193882417,16.738700430398083,8.747249748872456,0.7009553642110962,2.2292355444498764,4.13933542436267
5.104368992721289,4.00932223146886,2.312694908498672,17.641550292054692,8.125733177688423,0.5097092633517909,1.0916694289303517,4.063309563709212
4.911660972658748,3.525758932793494,2.372484423963433,16.33816128651327,7.830825352221427,0.681441656690661,2.2842478745608883,4.113013801163846
5.312492902971178,3.829934458407336,2.4602423594672564,18.654828117885447,8.559994727371869,0.5199504749237321,2.1434923897964673,4.22965208230059
4.817910397086787,3.908784839695296,2.7438402992127053,18.483333162525856,8.153463329204241,0.4761900248801945,1.4697672113317823,4.049215092259574
5.167769317051229,4.080944874020068,2.6924393728854334,17.86757501256505,9.011691779748578,0.5210390211813097,2.053274754400317,3.893968541471133
4.959444012768561,3.5351776116748423,2.5007008466855902,16.375139613175016,7.989859686472563,0.5494044830204416,1.9590240382191322,4.033378233938288
4.736651758424973,3.8675481497056996,2.4440530770425637,15.539903028343222,8.196683940699405,0.5292125354843532,2.341874695733609,3.7865691666405246
4.553414484012379,3.6107526531495577,2.7458497657382424,15.359429545869482,8.325401560520124,0.4454657112139158,2.0875978556615755,4.093032778490823
5.390223364054262,4.064202936667561,2.822320863862294,19.301051574240425,8.219735266525037,0.412094104472074,2.767073129255245,4.001407741632592
5.175037656725357,3.821802493145278,2.6877039656826565,17.62732324901225,8.472709357188846,0.6250682867952577,1.6535329232091016,4.116995846919109
4.9059500654116635,3.993041727454946,2.4866028286386426,17.79241320280952,8.298338398674765,0.4570994705821928,1.570265016842239,4.332877682685705
4.901791968156364,4.055986396020654,2.5936154836699012,16.632900445413107,8.72673044582467,0.6989277632180779,2.2142055932443974,4.155230119968698
5.109118628716131,4.011614375161325,2.2953331982861562,17.535750307069716,8.105213874640636,0.5076816623587727,1.0766394777248727,4.079204259315239
4.91641060865359,3.528051076485959,2.355122713750917,16.232361301528293,7.810306049173641,0.6794140556976428,2.2692179233554093,4.128908496769873
5.31724253896602,3.8322266020998006,2.442880649254741,18.54902813290047,8.539475424324083,0.5179228739307139,2.1284624385909883,4.245546777906617
4.822660033081629,3.911076983387761,2.7264785890001897,18.37753317754088,8.132944026156455,0.4741624238871763,1.4547372601263033,4.065109787865602
5.172518953046071,4.083237017712532,2.675077662672918,17.761775027580075,8.991172476700791,0.5190114201882915,2.038244803194838,3.90986323707716
4.964193648763403,3.537469755367307,2.4833391364730746,16.26933962819004,7.969340383424777,0.5473768820274234,1.9439940870136532,4.0492729295443155
4.741401394419815,3.8698402933981644,2.426691366830048,15.434103043358245,8.176164637651619,0.527184934491335,2.32684474452813,3.802463862246552
4.558164120007221,3.6130447968420225,2.7284880555257267,15.253629560884505,8.304882257472338,0.4434381102208976,2.0725679044560965,4.10892747409685
5.394973000049104,4.066495080360026,2.8049591536497784,19.19525158925545,8.19921596347725,0.41006650347905577,2.752043178049766,4.0173024372386195
5.179787292720199,3.8240946368377426,2.670342255470141,17.521523264027273,8.45219005414106,0.6230406858022395,1.6385029720036226,4.1328905425251365
4.9106997014065055,3.9953338711474107,2.469241118426127,17.686613217824544,8.27781909562698,0.45507186958917456,1.55523506563676,4.3487723782917325
4.906541604151206,4.058278539713119,2.5762537734573856,16.52710046042813,8.706211142776883,0.6969001622250597,2.1991756420389184,4.171124815574725
5.113868264710973,4.01390651885379,2.2779714880736406,17.42995032208474,8.08469457159285,0.5056540613657544,1.0616095265193937,4.095098954921267
4.921160244648432,3.5303432201784237,2.3377610035384015,16.126561316543317,7.789786746125855,0.6773864547046246,2.2541879721499303,4.144803192375901
5.321992174960862,3.8345187457922654,2.425518939042225,18.443228147915494,8.518956121276297,0.5158952729376957,2.1134324873855093,4.261441473512645
4.827409669076471,3.9133691270802258,2.709116878787674,18.271733192555903,8.112424723108669,0.47213482289415803,1.4397073089208243,4.081004483471629
5.177268589040913,4.085529161404997,2.657715952460402,17.6559750425951,8.970653173653005,0.5169838191952733,2.023214851989359,3.9257579326831875
4.968943284758245,3.539761899059772,2.465977426260559,16.163539643205063,7.948821080376991,0.5453492810344052,1.9289641358081742,4.065167625150343
4.746151030414657,3.872132437090629,2.4093296566175324,15.328303058373269,8.155645334603832,0.5251573334983167,2.311814793322651,3.818358557852579
4.562913756002063,3.6153369405344873,2.711126345313211,15.147829575899529,8.284362954424552,0.44141050922787933,2.0575379532506175,4.1248221697028775
5.399722636043946,4.068787224052491,2.787597443437263,19.089451604270472,8.178696660429464,0.4080389024860375,2.737013226844287,4.033197132844647
5.184536928715041,3.8263867805302074,2.652980545257625,17.415723279042297,8.431670751093273,0.6210130848092212,1.6234730207981436,4.148785238131164
4.9154493374013475,3.9976260148398755,2.4518794082136113,17.580813232839567,8.257299792579193,0.4530442685961563,1.540205114431281,4.36466707389776
4.911291240146048,4.060570683405584,2.55889206324487,16.421300475443154,8.685691839729097,0.6948725612320414,2.1841456908334393,4.187019511180752
5.118617900705815,4.0161986625462545,2.260609777861125,17.324150337099763,8.064175268545064,0.5036264603727362,1.0465795753139147,4.110993650527294
4.925909880643274,3.5326353638708885,2.320399293325886,16.02076133155834,7.769267443078069,0.6753588537116063,2.2391580209444513,4.160697887981928
5.326741810955704,3.83681088948473,2.4081572288297095,18.337428162930518,8.49843681822851,0.5138676719446774,2.0984025361800303,4.277336169118672
4.832159305071313,3.9156612707726905,2.6917551685751584,18.165933207570927,8.091905420060883,0.4701072219011398,1.4246773577153453,4.096899179077656
5.182018225035755,4.087821305097462,2.6403542422478865,17.550175057610122,8.95013387060522,0.514956218202255,2.00818490078388,3.941652628289215
4.973692920753087,3.5420540427522367,2.4486157160480433,16.057739658220086,7.928301777329205,0.5433216800413869,1.9139341846026952,4.08106232075637
4.750900666409499,3.874424580783094,2.3919679464050168,15.222503073388292,8.135126031556046,0.5231297325052985,2.296784842117172,3.8342532534586065
4.567663391996905,3.617629084226952,2.6937646351006954,15.042029590914552,8.263843651376765,0.4393829082348611,2.0425080020451385,4.140716865308905
5.404472272038788,4.0710793677449555,2.770235733224747,18.983651619285496,8.158177357381678,0.4060113014930193,2.721983275638808,4.049091828450674
5.189286564709883,3.828678924222672,2.6356188350451095,17.30992329405732,8.411151448045487,0.618985483816203,1.6084430695926646,4.164679933737191
4.9201989733961895,3.9999181585323402,2.4345176980010956,17.47501324785459,8.236780489531407,0.4510166676031381,1.525175163225802,4.380561769503787
4.91604087614089,4.062862827098049,2.5415303530323543,16.315500490458177,8.665172536681311,0.6928449602390232,2.1691157396279603,4.2029142067867795
5.123367536700657,4.018490806238719,2.2432480676486093,17.218350352114786,8.043655965497278,0.5015988593797179,1.0315496241084356,4.126888346133321
4.930659516638116,3.5349275075633533,2.3030375831133703,15.914961346573362,7.7487481400302824,0.6733312527185881,2.2241280697389723,4.176592583587955
5.331491446950546,3.839103033177195,2.390795518617194,18.23162817794554,8.477917515180724,0.5118400709516592,2.0833725849745512,4.293230864724699
4.836908941066155,3.9179534144651553,2.6743934583626428,18.06013322258595,8.071386117013096,0.46807962090812155,1.4096474065098663,4.112793874683684
5.186767861030597,4.090113448789927,2.622992532035371,17.444375072625146,8.929614567557433,0.5129286172092368,1.993154949578401,3.957547323895242
4.978442556747929,3.5443461864447015,2.4312540058355276,15.95193967323511,7.907782474281419,0.5412940790483687,1.8989042333972161,4.096957016362397
4.755650302404341,3.8767167244755587,2.374606236192501,15.116703088403316,8.11460672850826,0.5211021315122802,2.281754890911693,3.8501479490646338
4.572413027991747,3.619921227919417,2.6764029248881798,14.936229605929576,8.24332434832898,0.43735530724184285,2.0274780508396595,4.156611560914932
5.40922190803363,4.07337151143742,2.7528740230122315,18.87785163430052,8.137658054333892,0.40398370050000104,2.706953324433329,4.064986524056701
5.194036200704725,3.830971067915137,2.618257124832594,17.204123309072344,8.390632144997701,0.6169578828231848,1.5934131183871856,4.180574629343218
4.9249486093910315,4.002210302224805,2.41715598778858,17.369213262869614,8.21626118648362,0.44898906661011984,1.510145212020323,4.396456465109814
4.920790512135732,4.0651549707905135,2.5241686428198387,16.2097005054732,8.644653233633525,0.690817359246005,2.1540857884224813,4.218808902392807
5.128117172695499,4.020782949931184,2.2258863574360936,17.11255036712981,8.023136662449492,0.4995712583866997,1.0165196729029566,4.1427830417393485
4.935409152632958,3.537219651255818,2.2856758729008546,15.809161361588385,7.728228836982496,0.6713036517255698,2.2090981185334932,4.1924872791939825
5.336241082945388,3.8413951768696597,2.373433808404678,18.125828192960565,8.457398212132938,0.5098124699586409,2.0683426337690722,4.309125560330727
4.841658577060997,3.92024555815762,2.657031748150127,17.954333237600974,8.05086681396531,0.4660520199151033,1.3946174553043873,4.128688570289711
5.191517497025439,4.092405592482391,2.605630821822855,17.33857508764017,8.909095264509647,0.5109010162162185,1.9781249983729219,3.9734420195012694
4.983192192742771,3.5466383301371662,2.413892295623012,15.846139688250133,7.8872631712336325,0.5392664780553504,1.8838742821917371,4.112851711968425
4.760399938399183,3.8790088681680235,2.3572445259799855,15.01090310341834,8.094087425460474,0.519074530519262,2.266724939706214,3.866042644670661
4.577162663986589,3.6222133716118816,2.659041214675664,14.8304296209446,8.222805045281193,0.4353277062488246,2.0124480996341805,4.172506256520959
5.413971544028472,4.075663655129885,2.735512312799716,18.772051649315543,8.117138751286106,0.4019560995069828,2.69192337322785,4.080881219662729
5.198785836699567,3.8332632116076018,2.6008954146200782,17.098323324087367,8.370112841949915,0.6149302818301665,1.5783831671817066,4.196469324949246
4.9296982453858735,4.00450244591727,2.3997942775760643,17.263413277884638,8.195741883435835,0.4469614656171016,1.495115260814844,4.412351160715842
4.925540148130574,4.067447114482978,2.506806932607323,16.103900520488224,8.624133930585739,0.6887897582529867,2.1390558372170023,4.234703597998834
5.132866808690341,4.023075093623649,2.208524647223578,17.006750382144833,8.002617359401706,0.49754365739368145,1.0014897216974776,4.158677737345376
4.9401587886278,3.539511794948283,2.268314162688339,15.703361376603409,7.70770953393471,0.6692760507325516,2.1940681673280142,4.20838197480001
5.34099071894023,3.8436873205621245,2.3560720981921626,18.02002820797559,8.436878909085152,0.5077848689656227,2.0533126825635932,4.325020255936754
4.846408213055839,3.922537701850085,2.6396700379376115,17.848533252615997,8.030347510917524,0.46402441892208507,1.3795875040989083,4.144583265895738
5.196267133020281,4.094697736174856,2.5882691116103396,17.232775102655193,8.88857596146186,0.5088734152232003,1.9630950471674429,3.9893367151072967
4.987941828737613,3.548930473829631,2.3965305854104964,15.740339703265157,7.866743868185846,0.5372388770623322,1.8688443309862581,4.128746407574452
4.765149574394025,3.8813010118604883,2.33988281576747,14.905103118433363,8.073568122412688,0.5170469295262438,2.251694988500735,3.8819373402766884
4.581912299981431,3.6245055153043464,2.6416795044631485,14.724629635959623,8.202285742233407,0.43330010525580637,1.9974181484287012,4.188400952126987
5.418721180023314,4.07795579882235,2.7181506025872,18.666251664330566,8.09661944823832,0.39992849851396456,2.676893422022371,4.096775915268756
5.203535472694409,3.8355553553000665,2.5835337044075626,16.99252333910239,8.349593538902129,0.6129026808371483,1.5633532159762276,4.212364020555273
4.9344478813807156,4.006794589609735,2.3824325673635487,17.15761329289966,8.175222580388048,0.44493386462408335,1.480085309609365,4.428245856321869
4.930289784125416,4.069739258175443,2.4894452223948074,15.998100535503246,8.603614627537953,0.6867621572599685,2.1240258860115233,4.250598293604861
5.137616444685183,4.025367237316114,2.1911629370110624,16.900950397159853,7.98209805635392,0.4955160564006632,0.9864597704919986,4.174572432951403
4.944908424622642,3.5418039386407476,2.2509524524758233,15.597561391618429,7.687190230886925,0.6672484497395333,2.1790382161225352,4.224276670406037
5.345740354935072,3.8459794642545893,2.338710387979647,17.91422822299061,8.416359606037368,0.5057572679726045,2.038282731358114,4.340914951542781
4.851157849050681,3.9248298455425497,2.622308327725096,17.742733267631017,8.00982820786974,0.4619968179290668,1.3645575528934293,4.1604779615017655
5.201016769015123,4.096989879867321,2.570907401397824,17.126975117670213,8.868056658414076,0.506845814230182,1.9480650959619639,4.005231410713324
4.992691464732455,3.551222617522096,2.3791688751979807,15.634539718280177,7.846224565138062,0.535211276069314,1.8538143797807791,4.144641103180479
4.769899210388867,3.883593155552953,2.322521105554954,14.799303133448383,8.053048819364903,0.5150193285332255,2.236665037295256,3.8978320358827157
4.586661935976273,3.626797658996811,2.624317794250633,14.618829650974643,8.181766439185623,0.4312725042627881,1.9823881972232222,4.204295647733014
5.423470816018156,4.080247942514815,2.7007888923746846,18.560451679345586,8.076100145190535,0.3979008975209463,2.661863470816892,4.112670610874783
5.208285108689251,3.8378474989925313,2.566171994195047,16.88672335411741,8.329074235854344,0.61087507984413,1.5483232647707486,4.2282587161613
4.939197517375558,4.009086733302199,2.365070857151033,17.05181330791468,8.154703277340264,0.4429062636310651,1.465055358403886,4.444140551927896
4.935039420120258,4.072031401867908,2.4720835121822917,15.892300550518266,8.583095324490168,0.6847345562669502,2.1089959348060443,4.266492989210889
5.142366080680025,4.027659381008578,2.1738012267985467,16.795150412174873,7.961578753306136,0.49348845540764497,0.9714298192865196,4.19046712855743
4.949658060617484,3.5440960823332124,2.2335907422633077,15.491761406633449,7.6666709278391405,0.6652208487465151,2.1640082649170562,4.240171366012064
5.350489990929914,3.848271607947054,2.3213486777671313,17.80842823800563,8.395840302989583,0.5037296669795862,2.023252780152635,4.3568096471488085
4.855907485045523,3.9271219892350144,2.60494661751258,17.636933282646037,7.989308904821956,0.4599692169360486,1.3495276016879503,4.176372657107793
5.205766405009965,4.099282023559786,2.5535456911853083,17.021175132685233,8.847537355366294,0.5048182132371638,1.9330351447564849,4.021126106319351
4.997441100727297,3.5535147612145606,2.361807164985465,15.528739733295197,7.825705262090279,0.5331836750762957,1.8387844285753001,4.160535798786507
4.774648846383709,3.885885299245418,2.3051593953424385,14.693503148463403,8.03252951631712,0.5129917275402073,2.221635086089777,3.913726731488743
4.591411571971115,3.629089802689276,2.606956084038117,14.513029665989663,8.16124713613784,0.4292449032697699,1.9673582460177432,4.220190343339041
5.428220452012998,4.082540086207279,2.683427182162169,18.454651694360606,8.055580842142753,0.3958732965279281,2.646833519611413,4.1285653064808105
5.2130347446840934,3.840139642684996,2.5488102839825313,16.78092336913243,8.308554932806562,0.6088474788511118,1.5332933135652695,4.244153411767328
4.9439471533704,4.011378876994664,2.3477091469385174,16.9460133229297,8.134183974292482,0.44087866263804687,1.450025407198407,4.4600352475339236
4.9397890561151,4.074323545560373,2.454721801969776,15.786500565533286,8.562576021442386,0.682706955273932,2.0939659836005653,4.282387684816916
5.147115716674867,4.029951524701043,2.156439516586031,16.689350427189893,7.941059450258353,0.4914608544146267,0.9563998680810406,4.206361824163458
4.954407696612326,3.546388226025677,2.216229032050792,15.385961421648469,7.646151624791358,0.6631932477534969,2.148978313711577,4.256066061618092
5.355239626924756,3.850563751639519,2.3039869675546156,17.70262825302065,8.3753209999418,0.501702065986568,2.008222828947156,4.372704342754836
4.860657121040365,3.929414132927479,2.5875849073000645,17.531133297661057,7.968789601774174,0.45794161594303034,1.3344976504824713,4.19226735271382
5.210516041004807,4.1015741672522505,2.5361839809727926,16.915375147700253,8.827018052318511,0.5027906122441456,1.9180051935510058,4.037020801925379
5.002190736722139,3.5558069049070253,2.3444454547729494,15.422939748310217,7.805185959042497,0.5311560740832775,1.823754477369821,4.176430494392534
4.779398482378551,3.8881774429378826,2.287797685129923,14.587703163478423,8.012010213269338,0.510964126547189,2.206605134884298,3.9296214270947702
4.596161207965957,3.6313819463817407,2.5895943738256015,14.407229681004683,8.140727833090057,0.42721730227675164,1.9523282948122642,4.236085038945069
5.43297008800784,4.084832229899744,2.6660654719496533,18.348851709375626,8.03506153909497,0.39384569553490983,2.631803568405934,4.144460002086838
5.2177843806789355,3.842431786377461,2.5314485737700156,16.67512338414745,8.28803562975878,0.6068198778580935,1.5182633623597905,4.260048107373355
4.948696789365242,4.013671020687129,2.3303474367260018,16.84021333794472,8.113664671244699,0.43885106164502863,1.4349954559929279,4.475929943139951
4.944538692109942,4.076615689252837,2.4373600917572604,15.680700580548306,8.542056718394603,0.6806793542809138,2.0789360323950863,4.298282380422943
5.151865352669709,4.032243668393508,2.1390778063735154,16.583550442204913,7.920540147210571,0.4894332534216085,0.9413699168755616,4.222256519769485
4.959157332607168,3.548680369718142,2.1988673218382764,15.280161436663489,7.625632321743575,0.6611656467604786,2.133948362506098,4.271960757224119
5.359989262919598,3.8528558953319836,2.2866252573421,17.59682826803567,8.354801696894018,0.4996744649935497,1.9931928777416772,4.388599038360863
4.865406757035207,3.931706276619944,2.570223197087549,17.425333312676077,7.948270298726391,0.4559140149500121,1.3194676992769923,4.208162048319847
5.215265676999649,4.103866310944715,2.518822270760277,16.809575162715273,8.806498749270729,0.5007630112511273,1.9029752423455268,4.052915497531406
5.006940372716981,3.55809904859949,2.3270837445604338,15.317139763325237,7.784666655994714,0.5291284730902592,1.808724526164342,4.192325189998561
4.784148118373393,3.8904695866303474,2.2704359749174072,14.481903178493443,7.991490910221555,0.5089365255541708,2.191575183678819,3.9455161227007975
4.600910843960799,3.6336740900742055,2.572232663613086,14.301429696019703,8.120208530042273,0.4251897012837334,1.9372983436067852,4.251979734551096
5.437719724002682,4.087124373592209,2.6487037617371376,18.243051724390646,8.014542236047186,0.3918180945418916,2.616773617200455,4.160354697692865
5.2225340166737775,3.8447239300699256,2.5140868635575,16.56932339916247,8.267516326710995,0.6047922768650753,1.5032334111543115,4.275942802979382
4.953446425360084,4.015963164379594,2.312985726513486,16.73441335295974,8.093145368196915,0.4368234606520104,1.4199655047874489,4.491824638745978
4.949288328104784,4.078907832945302,2.419998381544745,15.574900595563326,8.521537415346819,0.6786517532878955,2.0639060811896073,4.314177076028971
5.156614988664551,4.034535812085973,2.1217160961609998,16.477750457219933,7.900020844162786,0.48740565242859024,0.9263399656700826,4.238151215375512
4.96390696860201,3.5509725134106067,2.1815056116257607,15.174361451678509,7.605113018695791,0.6591380457674604,2.118918411300619,4.287855452830146
5.36473889891444,3.8551480390244484,2.2692635471295843,17.49102828305069,8.334282393846234,0.4976468640005315,1.9781629265361982,4.40449373396689
4.870156393030049,3.9339984203124088,2.5528614868750332,17.319533327691097,7.927750995678607,0.45388641395699386,1.3044377480715132,4.224056743925875
5.220015312994491,4.10615845463718,2.5014605605477613,16.703775177730293,8.785979446222944,0.4987354102581091,1.8879452911400478,4.068810193137433
5.011690008711823,3.560391192291955,2.309722034347918,15.211339778340257,7.76414735294693,0.527100872097241,1.793694574958863,4.2082198856045885
4.788897754368235,3.892761730322812,2.2530742647048916,14.376103193508463,7.97097160717377,0.5069089245611526,2.17654523247334,3.961410818306825
4.605660479955641,3.6359662337666703,2.5548709534005702,14.195629711034723,8.099689226994489,0.42316210029071516,1.9222683924013062,4.267874430157123
5.442469359997524,4.089416517284674,2.631342051524622,18.137251739405666,7.994022932999402,0.38979049354887335,2.601743665994976,4.176249393298892
5.2272836526686195,3.8470160737623904,2.4967251533449843,16.46352341417749,8.24699702366321,0.6027646758720571,1.4882034599488325,4.2918374985854095
4.958196061354926,4.018255308072058,2.2956240163009705,16.62861336797476,8.07262606514913,0.43479585965899215,1.4049355535819699,4.5077193343520054
4.954037964099626,4.081199976637767,2.402636671332229,15.469100610578346,8.501018112299034,0.6766241522948773,2.0488761299841283,4.330071771634998
5.161364624659393,4.0368279557784374,2.104354385948484,16.371950472234953,7.879501541115002,0.485378051435572,0.9113100144646036,4.25404591098154
4.968656604596852,3.5532646571030715,2.164143901413245,15.068561466693529,7.5845937156480066,0.6571104447744421,2.10388846009514,4.3037501484361735
5.369488534909282,3.857440182716913,2.2519018369170687,17.38522829806571,8.31376309079845,0.49561926300751324,1.9631329753307192,4.420388429572918
4.874906029024891,3.9362905640048735,2.5354997766625176,17.213733342706117,7.907231692630822,0.4518588129639756,1.2894077968660342,4.239951439531902
5.224764948989333,4.108450598329645,2.4840988503352457,16.597975192745313,8.76546014317516,0.49670780926509084,1.8729153399345688,4.0847048887434605
5.016439644706665,3.5626833359844197,2.2923603241354025,15.105539793355277,7.743628049899145,0.5250732711042227,1.778664623753384,4.224114581210616
4.793647390363077,3.895053874015277,2.235712554492376,14.270303208523483,7.950452304125986,0.5048813235681343,2.161515281267861,3.977305513912852
4.610410115950483,3.638258377459135,2.5375092431880546,14.089829726049743,8.079169923946704,0.4211344992976969,1.9072384411958272,4.2837691257631505
5.447218995992366,4.0917086609771385,2.6139803413121063,18.031451754420686,7.973503629951618,0.3877628925558551,2.586713714789497,4.19214408890492
5.2320332886634615,3.849308217454855,2.4793634431324687,16.35772342919251,8.226477720615426,0.6007370748790388,1.4731735087433535,4.307732194191437
4.962945697349768,4.020547451764523,2.278262306088455,16.52281338298978,8.052106762101346,0.4327682586659739,1.3899056023764909,4.523614029958033
4.958787600094468,4.083492120330232,2.3852749611197135,15.363300625593366,8.48049880925125,0.674596551301859,2.0338461787786493,4.345966467241025
5.166114260654235,4.039120099470902,2.0869926757359685,16.266150487249973,7.858982238067218,0.48335045044255376,0.8962800632591246,4.269940606587567
4.973406240591694,3.5555568007955363,2.1467821912007294,14.962761481708549,7.564074412600222,0.6550828437814239,2.088858508889661,4.319644844042201
5.374238170904124,3.859732326409378,2.234540126704553,17.27942831308073,8.293243787750665,0.493591662014495,1.9481030241252402,4.436283125178945
